name,energy_consumption_btu,world_share,pc_yearly_btu,non_renewable,oil_consump,gas_consump,coal_consump,re_nuclear,co2_emissions_tons_2016,co2_emiss_one_year_change,population_2016,co2_emiss_per_capita,country_share_of_world_co2,coal_reserves,coal_production,coal_consumption,coal_imports,coal_exports,coal_net_imports,coal_year,coal_units,coal_net_exports,coal_yearly_deficit/surplus,gas_reserves,gas_production,gas_consumption,gas_imports,gas_exports,gas_net_imports,gas_year,gas_units,gas_net_exports,gas_yearly_deficit/surplus,oil_reserves,oil_production,oil_consumption,oil_imports,oil_exports,oil_net_imports,oil_year,oil_units,oil_net_exports,oil_daily_deficit/surplus
Singapore,3.63E+12,0.0062338,636011,1,0.86,0.13,0,0,48381759,0.0256,5653634,8.56,0.14%,0,0,761679,761747,68,761679,2016,Tons ,,-761679,0,0,428018,436847,8829,428018,2015,Million Cubic Ft,,-428018,0,42274,1357000,1056958,27033,1029925,2016,Barrels,,-1314726
Poland,4.33E+12,0.0074429,114206,0.99,0.3,0.16,0.53,0.01,296659670,0.0267,37989220,7.81,0.83%,28451723410,143996029,148799901,9668082,10339933,,2016,Tons ,671851,-4803873,3015000,217117,642804,428053,1978,426075,2015,Million Cubic Ft,,-425687,137752000,53367,582161,494777,4490,490287,2016,Barrels,,-528794
Argentina,3.87E+12,0.006641,88024,0.87,0.4,0.47,0.01,0.13,200708270,0.0016,43508460,4.61,0.56%,551155000,29318,1403477,1729270,1235,1728035,2016,Tons ,,-1374159,11142000,1518545,1659452,376811,2825,373986,2015,Million Cubic Ft,,-140907,2379702000,708770,709000,16180,53930,,2016,Barrels,37750,-230
Netherlands,3.94E+12,0.0067623,231364,0.95,0.5,0.35,0.1,0.05,163419285,0.0163,16981295,9.62,0.46%,547848070,0,18203547,54558833,38116777,16442056,2016,Tons ,,-18203547,31702000,1909129,1408574,1338015,1799688,,2015,Million Cubic Ft,461673,500555,140892000,70128,937098,1090438,6585,1083853,2016,Barrels,,-866970
Kazakhstan,3.57E+12,0.0061385,197724,0.97,0.18,0.16,0.64,0.03,231919540,0.0164,17830901,13.01,0.65%,28224647550,113619501,86633850,391,4273196,,2016,Tons ,4272805,26985651,85000000,1515014,480637,165981,434021,,2015,Million Cubic Ft,268041,1034376,30000000000,1698280,325000,469,1245575,,2016,Barrels,1245106,1373280
Malaysia,3.52E+12,0.006036,113012,0.93,0.41,0.32,0.2,0.07,266251542,0.0654,30684654,8.68,0.74%,198415800,2661820,33022853,26670879,415500,26255379,2016,Tons ,,-30361033,38284000,2762798,1119839,115480,1235672,,2015,Million Cubic Ft,1120192,1642960,3600000000,762168,708000,197489,390000,,2016,Barrels,192511,54168
United Arab Emirates,4.67E+12,0.0080138,491926,1,0.39,0.59,0.02,0,218788684,0.0443,9360980,23.37,0.61%,0,0,2454173,2726156,13779,2712376,2016,Tons ,,-2454173,215098000,3178738,2621819,769972,273903,496069,2015,Million Cubic Ft,,556920,97800000000,3772788,896000,0,2487580,,2016,Barrels,2487580,2876788
Ukraine,3.63E+12,0.0062369,81645,0.73,0.13,0.3,0.29,0.27,233220080,0.0803,44713702,5.22,0.65%,37891906250,39260975,59357189,17248947,2251110,14997837,2016,Tons ,,-20096214,39000000,670985,1171928,500943,0,500943,2015,Million Cubic Ft,,-500943,395000000,55832,244000,12548,0,12548,2016,Barrels,,-188168
Egypt,4.01E+12,0.0068897,41604,0.96,0.41,0.53,0.02,0.04,219377350,0.0472,94447073,2.32,0.61%,17636960,0,769412,3337265,95121,3242144,2016,Tons ,,-769412,77200000,1742018,1692930,127487,0,127487,2015,Million Cubic Ft,,49088,4400000000,682904,877000,70411,240295,,2016,Barrels,169884,-194096
Thailand,5.52E+12,0.0094769,79743,0.93,0.48,0.33,0.12,0.07,271040160,0.0155,68971308,3.93,0.76%,1171755530,18715682,42674986,23999601,39472,23960129,2016,Tons ,,-23959304,8415000,1535072,1876886,470714,0,470714,2015,Million Cubic Ft,,-341814,404890000,531329,1302000,875446,33237,842209,2016,Barrels,,-770671
China,1.39E+14,0.238,97598,0.88,0.18,0.06,0.63,0.12,10432751400,-0.0028,1414049351,7.38,29.18%,1.50E+11,3708155408,4319921826,281754534,9532676,272221858,2016,Tons ,,-611766418,163959000,4559626,6738152,2202597,116331,2086265,2015,Million Cubic Ft,,-2178526,25132122000,4905071,12791553,7620760,58812,7561948,2016,Barrels,,-7886482
Turkey,6.43E+12,0.0110454,79300,0.87,0.31,0.3,0.26,0.13,368122740,0.0525,79827871,4.61,1.03%,12514525430,80473039,116877929,39921046,68635,39852411,2016,Tons ,,-36404890,218000,13455,1697310,1710200,22037,1688163,2015,Million Cubic Ft,,-1683855,312000000,66308,941861,502570,0,502570,2016,Barrels,,-875552
Taiwan,4.67E+12,0.0080239,197379,0.93,0.44,0.19,0.3,0.07,276724868,0.0191,23618200,11.72,0.77%,1102310,0,72649581,72343027,1330,72341696,2016,Tons ,,-72649581,220000,12572,696624,684758,0,684758,2015,Million Cubic Ft,,-684052,2380000,29504,981203,811120,0,811120,2016,Barrels,,-951699
Australia,6.13E+12,0.0105218,249244,0.94,0.39,0.27,0.29,0.06,414988700,-0.0098,24262712,17.1,1.16%,1.60E+11,554763963,129642679,46491,427090732,,2016,Tons ,427044241,425121284,30400000,2384328,1406950,225062,1202970,,2015,Million Cubic Ft,977908,977378,1193000000,373728,1114645,302855,215925,86930,2016,Barrels,,-740916
Falkland Islands,82900000,0.0000001,27021,0,0,0,0,1,48568,0.0151,2928,16.59,0.00%,0,0,0,0,0,,2016,Tons ,,0,0,0,0,0,0,,2015,Million Cubic Ft,,0,0,0,290,0,0,,2016,Barrels,0,-290
Spain,5.73E+12,0.009833,122759,0.76,0.47,0.21,0.08,0.24,251892320,-0.0312,46634140,5.4,0.70%,1308441970,2187157,21948094,15244055,499347,14744708,2016,Tons ,,-19760937,90000,2190,995989,1143888,178870,965018,2015,Million Cubic Ft,,-993799,150000000,71783,1290063,1292187,0,1292187,2016,Barrels,,-1218280
Kiribati,46100000,0.0000001,404,0,0,0,0,1,52818,0.0718,112524,0.47,0.00%,0,0,0,0,0,,2016,Tons ,,0,0,0,0,0,0,,2015,Million Cubic Ft,,0,0,0,400,0,0,,2016,Barrels,0,-400
Tonga,1807000000,0.0000031,17716,1,1,0,0,0,251375,0.0719,101133,2.49,0.00%,0,0,0,0,0,,2016,Tons ,,0,0,0,0,0,0,,2015,Million Cubic Ft,,0,0,0,899,0,0,,2016,Barrels,0,-899
South Africa,5.67E+12,0.0097412,99509,0.96,0.22,0.03,0.7,0.04,390557850,-0.0049,56207646,6.95,1.09%,35053458000,277951564,202298474,2037037,85235315,,2016,Tons ,83198279,75653090,0,41319,173044,134197,0,134197,2015,Million Cubic Ft,,-131725,15000000,136517,640000,416531,9018,407513,2016,Barrels,,-503483
Saint Pierre & Miquelon,1982000000,0.0000034,336674,0.5,0.5,0,0,0.5,8842,0.0151,5934,1.49,0.00%,0,0,0,0,0,,2016,Tons ,,0,0,0,0,0,0,,2015,Million Cubic Ft,,0,0,0,660,0,0,,2016,Barrels,0,-660
St. Vincent & Grenadines,2596000000,0.0000045,23637,1,1,0,0,0,362414,0.0151,109459,3.31,0.00%,0,0,0,0,0,,2016,Tons ,,0,0,0,0,0,0,,2015,Million Cubic Ft,,0,0,0,1619,0,0,,2016,Barrels,0,-1619
Sao Tome & Principe,2366491000,0.0000041,11427,0.91,0.91,0,0,0.09,56185,0.026,203227,0.28,0.00%,0,0,0,0,0,,2016,Tons ,,0,0,0,0,0,0,,2015,Million Cubic Ft,,0,0,0,1000,0,0,,2016,Barrels,0,-1000
Cook Islands,1677278000,0.0000029,95806,0.48,0.48,0,0,0.52,37354,0.0719,17524,2.13,0.00%,0,0,0,0,0,,2016,Tons ,,0,0,0,0,0,0,,2015,Million Cubic Ft,,0,0,0,600,0,0,,2016,Barrels,0,-600
British Virgin Islands,3397977000,0.0000058,114886,0.94,0.94,0,0,0.06,99762,0.0151,29355,3.4,0.00%,0,0,0,0,0,,2016,Tons ,,0,0,0,0,0,0,,2015,Million Cubic Ft,,0,0,0,1240,0,0,,2016,Barrels,0,-1240
Western Sahara,3022000000,0.0000052,5469,1,1,0,0,0,207592,0.0261,538749,0.39,0.00%,0,0,0,0,0,,2016,Tons ,,0,0,0,0,0,0,,2015,Million Cubic Ft,,0,0,0,1701,0,0,,2016,Barrels,0,-1701
Comoros,3848000000,0.0000066,4728,1,1,0,0,0,108422,0.0258,795592,0.14,0.00%,0,0,0,0,0,,2016,Tons ,,0,0,0,0,0,0,,2015,Million Cubic Ft,,0,0,0,1300,0,0,,2016,Barrels,0,-1300
Saint Kitts & Nevis,3317704000,0.0000057,63747,0.94,0.94,0,0,0.06,203036,0.0151,51625,3.93,0.00%,0,0,0,0,0,,2016,Tons ,,0,0,0,0,0,0,,2015,Million Cubic Ft,,0,0,0,1700,0,0,,2016,Barrels,0,-1700
Turks and Caicos,4606000000,0.0000079,124101,0.93,0.93,0,0,0.07,65451,0.0152,36559,1.79,0.00%,0,0,0,0,0,,2016,Tons ,,0,0,0,0,0,0,,2015,Million Cubic Ft,,0,0,0,1420,0,0,,2016,Barrels,0,-1420
Vanuatu,3059838000,0.0000053,10717,0.81,0.81,0,0,0.19,137706,0.0718,278330,0.49,0.00%,0,0,0,0,0,,2016,Tons ,,0,0,0,0,0,0,,2015,Million Cubic Ft,,0,0,0,1100,0,0,,2016,Barrels,0,-1100
Dominica,3949649000,0.0000068,55272,0.85,0.85,0,0,0.15,185767,0.0151,71307,2.61,0.00%,0,0,0,0,0,,2016,Tons ,,0,0,0,0,0,0,,2015,Million Cubic Ft,,0,0,0,1301,0,0,,2016,Barrels,0,-1301
Chad,4879681000,0.0000084,325,0.9,0.9,0,0,0.1,1670941,0.0214,14561660,0.11,0.00%,0,0,0,0,0,,2016,Tons ,,0,0,353,353,0,0,,2015,Million Cubic Ft,,0,1500000000,114000,2299,0,97079,,2016,Barrels,97079,111701
Grenada,4338852000,0.0000075,39133,0.96,0.96,0,0,0.04,554848,0.0151,110261,5.03,0.00%,0,0,0,0,0,,2016,Tons ,,0,0,0,0,0,0,,2015,Million Cubic Ft,,0,0,0,2000,0,0,,2016,Barrels,0,-2000
Burundi,5374860000,0.0000092,496,0.57,0.57,0,0,0.43,1093618,0.0281,10487995,0.1,0.00%,0,0,0,0,0,,2016,Tons ,,0,0,0,0,0,0,,2015,Million Cubic Ft,,0,0,0,1499,0,0,,2016,Barrels,0,-1499
Guinea-Bissau,4395213000,0.0000075,2404,0.95,0.95,0,0,0.05,318706,0.0259,1782438,0.18,0.00%,0,0,0,0,0,,2016,Tons ,,0,0,0,0,0,0,,2015,Million Cubic Ft,,0,0,0,2700,0,0,,2016,Barrels,0,-2700
Solomon Islands,4770491000,0.0000082,7500,0.91,0.91,0,0,0.09,341748,0.0718,619438,0.55,0.00%,0,0,0,0,0,,2016,Tons ,,0,0,0,0,0,0,,2015,Million Cubic Ft,,0,0,0,1600,0,0,,2016,Barrels,0,-1600
Central African Republic,7065635000,0.0000121,1537,0.76,0.76,0,0,0.24,543229,0.0257,4537686,0.12,0.00%,3306930,0,0,0,0,,2016,Tons ,,0,0,0,0,0,0,,2015,Million Cubic Ft,,0,0,0,2800,0,0,,2016,Barrels,0,-2800
Saint Lucia,6991213000,0.000012,38635,0.93,0.93,0,0,0.07,608182,0.0151,180024,3.38,0.00%,0,0,0,0,0,,2016,Tons ,,0,0,0,0,0,0,,2015,Million Cubic Ft,,0,0,0,3099,0,0,,2016,Barrels,0,-3099
Gambia,7564000000,0.000013,3417,1,1,0,0,0,254127,0.0259,2149136,0.12,0.00%,0,0,0,0,0,,2016,Tons ,,0,0,0,0,0,0,,2015,Million Cubic Ft,,0,0,0,3800,0,0,,2016,Barrels,0,-3800
Eritrea,10870852000,0.0000187,3185,0.96,0.96,0,0,0.04,684140,0.0479,3376557,0.2,0.00%,0,0,0,0,0,,2016,Tons ,,0,0,0,0,0,0,,2015,Million Cubic Ft,,0,0,0,3000,0,0,,2016,Barrels,0,-3000
Samoa,5672659000,0.0000097,29038,0.91,0.91,0,0,0.09,169939,0.0718,194535,0.87,0.00%,0,0,0,0,0,,2016,Tons ,,0,0,0,0,0,0,,2015,Million Cubic Ft,,0,0,0,2400,0,0,,2016,Barrels,0,-2400
Bermuda,11252000000,0.0000193,178464,0.99,0.99,0,0,0.01,639352,0.0151,63362,10.09,0.00%,0,0,0,0,0,,2016,Tons ,,0,0,0,0,0,0,,2015,Million Cubic Ft,,0,0,0,5000,0,0,,2016,Barrels,0,-5000
Cayman Islands,9514000000,0.0000163,150106,1,1,0,0,0,406057,0.0152,62569,6.49,0.00%,0,0,0,0,0,,2016,Tons ,,0,0,0,0,0,0,,2015,Million Cubic Ft,,0,0,0,4401,0,0,,2016,Barrels,0,-4401
Timor-Leste,8615000000,0.0000148,6929,1,1,0,0,0,495687,0.0463,1219288,0.41,0.00%,0,0,0,0,0,,2016,Tons ,,0,0,347853,347853,271926,271926,,2015,Million Cubic Ft,,0,0,49238,3501,0,2101,,2016,Barrels,2101,45737
Djibouti,12152607000,0.0000209,12872,0.99,0.99,0,0,0.01,1508851,0.0297,929112,1.62,0.00%,0,0,0,0,0,,2016,Tons ,,0,0,0,0,0,0,,2015,Million Cubic Ft,,0,0,0,6360,0,0,,2016,Barrels,0,-6360
Somalia,12100621000,0.0000208,829,0.95,0.95,0,0,0.05,1268442,0.0257,14185636,0.09,0.00%,0,0,0,0,0,,2016,Tons ,,0,200000,0,0,0,0,,2015,Million Cubic Ft,,0,0,0,5600,0,0,,2016,Barrels,0,-5600
Faeroe Islands,11506210000,0.0000198,238071,0.82,0.82,0,0,0.18,1953,0.006,48173,0.04,0.00%,0,0,0,0,0,,2016,Tons ,,0,0,0,0,0,0,,2015,Million Cubic Ft,,0,0,0,4600,0,0,,2016,Barrels,0,-4600
French Polynesia,15199494000,0.0000261,55050,0.9,0.9,0,0,0.1,1003249,0.0718,274575,3.65,0.00%,0,0,0,0,0,,2016,Tons ,,0,0,0,0,0,0,,2015,Million Cubic Ft,,0,0,0,6599,0,0,,2016,Barrels,0,-6599
Lesotho,15324212000,0.0000263,7327,0.61,0.61,0,0,0.39,318438,0.0258,2075030,0.15,0.00%,0,0,0,0,0,,2016,Tons ,,0,0,0,0,0,0,,2015,Million Cubic Ft,,0,0,0,5001,0,0,,2016,Barrels,0,-5001
Belize,12727469000,0.0000219,33870,0.64,0.64,0,0,0.36,1114105,0.0151,368400,3.02,0.00%,0,0,0,0,0,,2016,Tons ,,0,0,0,0,0,0,,2015,Million Cubic Ft,,0,6700000,2000,4001,0,2030,,2016,Barrels,2030,-2001
Cabo Verde,12660679000,0.0000217,23555,0.94,0.94,0,0,0.06,99687,0.0259,531146,0.19,0.00%,0,0,0,0,0,,2016,Tons ,,0,0,0,0,0,0,,2015,Million Cubic Ft,,0,0,0,5600,0,0,,2016,Barrels,0,-5600
Seychelles,15644000000,0.0000269,162252,1,1,0,0,0,519693,0.0262,95710,5.43,0.00%,0,0,0,0,0,,2016,Tons ,,0,0,0,0,0,0,,2015,Million Cubic Ft,,0,0,0,7299,0,0,,2016,Barrels,0,-7299
Sierra Leone,13386542000,0.000023,1788,0.94,0.94,0,0,0.06,1272332,0.0343,7328834,0.17,0.00%,0,0,0,0,0,,2016,Tons ,,0,0,0,0,0,0,,2015,Million Cubic Ft,,0,0,0,6500,0,0,,2016,Barrels,0,-6500
Greenland,12683792000,0.0000218,224567,0.72,0.72,0,0,0.28,1530,0.0086,56412,0.03,0.00%,201722730,0,0,0,0,,2016,Tons ,,0,0,0,0,0,0,,2015,Million Cubic Ft,,0,0,0,4000,0,0,,2016,Barrels,0,-4000
French Guiana,15686060000,0.0000269,57001,0.64,0.64,0,0,0.36,1473719,0.0173,267821,5.5,0.00%,0,0,0,0,0,,2016,Tons ,,0,0,0,0,0,0,,2015,Million Cubic Ft,,0,0,0,5000,0,0,,2016,Barrels,0,-5000
Rwanda,15834435000,0.0000272,1322,0.81,0.81,0,0,0.19,1403087,0.0288,11668827,0.12,0.00%,0,0,0,0,0,,2016,Tons ,,0,2000000,0,0,0,0,,2015,Million Cubic Ft,,0,0,0,6700,0,0,,2016,Barrels,0,-6700
Liberia,16601000000,0.0000285,3530,1,1,0,0,0,846658,0.0349,4586787,0.18,0.00%,0,0,0,0,0,,2016,Tons ,,0,0,0,0,0,0,,2015,Million Cubic Ft,,0,0,0,8000,0,4412,,2016,Barrels,4412,-8000
Eswatini,20439383000,0.0000351,18171,0.68,0.52,0,0.16,0.32,657572,0.0261,1113997,0.59,0.00%,158732640,174165,159863,126688,119118,7570,2016,Tons ,,14302,0,0,0,0,0,,2015,Million Cubic Ft,,0,0,775,5300,0,0,,2016,Barrels,0,-4525
Maldives,24704426000,0.0000424,49767,0.99,0.99,0,0,0.01,1233015,0.0719,475512,2.59,0.00%,0,0,0,0,0,,2016,Tons ,,0,0,0,0,0,0,,2015,Million Cubic Ft,,0,0,0,11000,0,0,,2016,Barrels,0,-11000
Aruba,17606311000,0.0000302,167097,0.94,0.94,0,0,0.06,286871,0.0151,104872,2.74,0.00%,0,0,0,0,0,,2016,Tons ,,0,0,0,0,0,0,,2015,Million Cubic Ft,,0,0,0,8000,55547,0,55547,2016,Barrels,,-8000
Guadeloupe,28095517000,0.0000482,70296,0.93,0.93,0,0,0.07,2478038,0.0184,399763,6.2,0.01%,0,0,0,0,0,,2016,Tons ,,0,0,0,0,0,0,,2015,Million Cubic Ft,,0,0,0,13000,0,0,,2016,Barrels,0,-13000
Malawi,31388331000,0.0000539,1776,0.43,0.36,0,0.07,0.57,1815598,0.0326,17205261,0.11,0.01%,2204620,47399,85915,36840,6400,30440,2016,Tons ,,-38516,0,0,0,0,0,,2015,Million Cubic Ft,,0,0,517,6001,0,0,,2016,Barrels,0,-5484
Barbados,24763656000,0.0000425,86516,0.96,0.93,0.03,0,0.04,1541447,0.0188,285796,5.39,0.00%,0,0,0,0,0,,2016,Tons ,,0,5000,626,626,0,0,,2015,Million Cubic Ft,0,0,2315000,1000,11001,0,642,,2016,Barrels,642,-10001
Guyana,30165867000,0.0000518,38913,0.99,0.99,0,0,0.01,3253057,0.0161,771368,4.22,0.01%,0,0,0,0,0,,2016,Tons ,,0,0,0,0,0,0,,2015,Million Cubic Ft,,0,0,0,14000,0,0,,2016,Barrels,0,-14000
Niger,34310284000,0.0000589,1588,0.93,0.76,0,0.16,0.07,2088475,0.0015,20788798,0.1,0.01%,6613860,272271,261247,0,0,,2016,Tons ,0,11023,0,0,0,0,0,,2015,Million Cubic Ft,,0,150000000,13497,12000,0,0,,2016,Barrels,0,1497
Guam,27908500000,0.0000479,169883,0.97,0.97,0,0,0.03,,,,,,0,0,0,0,0,,2016,Tons ,,0,0,0,0,0,0,,2015,Million Cubic Ft,,0,0,0,12570,0,0,,2016,Barrels,0,-12570
Martinique,36175538000,0.0000621,96225,0.98,0.98,0,0,0.02,2715477,0.0172,376791,7.21,0.01%,0,0,0,0,0,,2016,Tons ,,0,0,0,0,0,0,,2015,Million Cubic Ft,,0,0,-319,16999,0,0,,2016,Barrels,0,-17318
Fiji,38870204000,0.0000667,44299,0.87,0.87,0,0,0.13,1703193,0.0728,872399,1.95,0.00%,0,0,1,1,0,1,2016,Tons ,,-1,0,0,0,0,0,,2015,Million Cubic Ft,,0,0,0,16000,2,0,2,2016,Barrels,,-16000
U.S. Virgin Islands,33991878000,0.0000584,324502,1,1,0,0,0,,,,,,0,0,0,0,0,,2016,Tons ,,0,0,0,0,0,0,,2015,Million Cubic Ft,,0,0,0,16440,0,0,,2016,Barrels,0,-16440
Suriname,38652993000,0.0000664,67753,0.75,0.75,0,0,0.25,2152933,0.0032,564888,3.81,0.01%,0,0,0,0,0,,2016,Tons ,,0,0,0,0,0,0,,2015,Million Cubic Ft,,0,99980000,16401,13000,0,0,,2016,Barrels,0,3401
Togo,41108083000,0.0000706,5340,0.84,0.76,0,0.08,0.16,2321546,0.0547,7509951,0.31,0.01%,0,0,161048,161048,0,161048,2016,Tons ,,-161048,0,0,0,0,0,,2015,Million Cubic Ft,,0,0,0,15000,0,0,,2016,Barrels,0,-15000
Montenegro,43490743000,0.0000747,69301,0.68,0.39,0,0.29,0.32,16249039,0.0227,627264,25.9,0.05%,156528020,1541029,1500244,7518,46297,,2016,Tons ,38779,40785,0,0,0,0,0,,2015,Million Cubic Ft,,0,0,0,7000,0,0,,2016,Barrels,0,-7000
Mauritania,39378962000,0.0000676,9195,0.9,0.9,0,0,0.1,2564345,0.0332,4163533,0.62,0.01%,0,0,0,0,0,,2016,Tons ,,0,1000000,0,0,0,0,,2015,Million Cubic Ft,,0,20000000,4836,17000,0,6251,,2016,Barrels,6251,-12164
Bahamas,42853849000,0.0000736,112255,0.99,0.99,0,0,0.01,4404247,0.0151,377930,11.65,0.01%,0,0,0,0,0,,2016,Tons ,,0,0,0,0,0,0,,2015,Million Cubic Ft,,0,0,0,20036,63247,7755,55492,2016,Barrels,,-20036
Guinea,48146986000,0.0000827,3990,0.78,0.78,0,0,0.22,2071798,0.032,11738429,0.18,0.01%,0,0,0,0,0,,2016,Tons ,,0,0,0,0,0,0,,2015,Million Cubic Ft,,0,0,0,19001,0,0,,2016,Barrels,0,-19001
Réunion,46915585000,0.0000806,53548,0.79,0.79,0,0,0.21,1132331,0.0355,869743,1.3,0.00%,0,0,0,0,0,,2016,Tons ,,0,0,0,0,0,0,,2015,Million Cubic Ft,,0,0,0,17999,0,0,,2016,Barrels,0,-17999
Haiti,48163170000,0.0000827,4386,0.99,0.99,0,0,0.01,3086897,0.0171,10839970,0.28,0.01%,0,0,0,0,0,,2016,Tons ,,0,0,0,0,0,0,,2015,Million Cubic Ft,,0,0,0,23000,0,0,,2016,Barrels,0,-23000
Madagascar,54364625000,0.0000934,2126,0.84,0.68,0,0.16,0.16,3026047,0.0285,24894370,0.12,0.01%,0,0,566337,552763,0,552763,2016,Tons ,,-566337,,,,,,,,,,,0,0,18000,0,0,,2016,Barrels,0,-18000
Mali,60540614000,0.000104,3270,0.78,0.78,0,0,0.22,1606421,0.0257,17965443,0.09,0.00%,0,0,0,0,0,,2016,Tons ,,0,0,0,0,0,0,,2015,Million Cubic Ft,,0,0,0,21999,45,0,45,2016,Barrels,,-21999
Burkina Faso,49416394000,0.0000849,2575,0.92,0.92,0,0,0.08,2352070,0.0314,18646357,0.13,0.01%,0,0,0,0,0,,2016,Tons ,,0,0,0,0,0,0,,2015,Million Cubic Ft,,0,0,0,23000,0,0,,2016,Barrels,0,-23000
State of Palestine,65933937000,0.0001132,13889,0.7,0.7,0,0,0.3,,,,,,0,0,0,0,0,,2016,Tons ,,0,0,0,0,0,0,,2015,Million Cubic Ft,,0,0,0,24001,23,0,23,2016,Barrels,,-24001
Gabon,68381605000,0.0001174,33117,0.87,0.65,0.22,0,0.13,5694208,0.0112,2007873,2.84,0.02%,0,0,0,0,0,,2016,Tons ,,0,1000000,91042,13349,0,0,,2015,Million Cubic Ft,0,77693,2000000000,210428,21000,0,205218,,2016,Barrels,205218,189428
Macao,48682524000,0.0000836,78194,0.73,0.6,0.14,0,0.27,3106518,0.0719,612836,5.07,0.01%,0,0,0,0,0,,2016,Tons ,,0,0,0,68,75,0,75,2015,Million Cubic Ft,,-68,0,0,17110,0,0,,2016,Barrels,0,-17110
Bhutan,61282453000,0.0001052,82196,0.11,0.09,0,0.02,0.89,1682100,0.0614,736708,2.28,0.00%,0,129833,96000,21467,0,21467,2016,Tons ,,33833,0,0,0,0,0,,2015,Million Cubic Ft,,0,0,0,3001,0,0,,2016,Barrels,0,-3001
Estonia,87785565000,0.0001507,66535,0.89,0.67,0.21,0.01,0.11,22402414,0.0101,1316510,17.02,0.06%,0,0,19762,19642,0,19642,2016,Tons ,,-19762,0,0,16633,16633,0,16633,2015,Million Cubic Ft,,-16633,0,16000,28855,0,0,,2016,Barrels,0,-12855
Mauritius,90076344000,0.0001547,71235,0.93,0.72,0,0.21,0.07,3192307,0,1261865,2.53,0.01%,0,0,772967,1020188,0,1020188,2016,Tons ,,-772967,0,0,0,0,0,,2015,Million Cubic Ft,,0,0,517,28000,0,0,,2016,Barrels,0,-27483
Namibia,79767587000,0.000137,33200,0.7,0.7,0,0,0.3,3901830,0.0442,2358044,1.65,0.01%,0,0,5524,5524,0,5524,2016,Tons ,,-5524,2200000,0,0,0,0,,2015,Million Cubic Ft,,0,0,0,26000,130,1,129,2016,Barrels,,-26000
New Caledonia,78485011000,0.0001348,283186,0.95,0.57,0,0.38,0.05,2338717,0.0722,274191,8.53,0.01%,2204620,0,1155221,1188248,0,1188248,2016,Tons ,,-1155221,0,0,0,0,0,,2015,Million Cubic Ft,,0,0,0,20000,0,0,,2016,Barrels,0,-20000
Equatorial Guinea,59811150000,0.0001027,47394,0.92,0.18,0.74,0,0.08,2156371,0,1215180,1.77,0.01%,0,0,0,0,0,,2016,Tons ,,0,1300000,296646,42025,0,176928,,2015,Million Cubic Ft,176928,254621,1100000000,244000,5200,0,188257,,2016,Barrels,188257,238800
Uganda,97180787000,0.0001669,2361,0.66,0.66,0,0,0.34,5009493,0.0382,39649166,0.13,0.01%,0,0,0,0,0,,2016,Tons ,,0,500000,0,0,0,0,,2015,Million Cubic Ft,,0,2500000000,0,32001,0,0,,2016,Barrels,0,-32001
Benin,97181607000,0.0001669,8696,0.96,0.93,0,0.03,0.04,6563709,0.0413,10872063,0.6,0.02%,0,0,87776,87776,0,87776,2016,Tons ,,-87776,40000,0,0,0,0,,2015,Million Cubic Ft,,0,8000000,0,36000,0,0,,2016,Barrels,0,-36000
Macedonia,1.00E+11,0.000172,48034,0.81,0.38,0.07,0.35,0.19,8896732,0.0162,2080743,4.28,0.02%,365966920,5679101,5987018,227611,2044,225567,2016,Tons ,,-307917,0,0,2119,2119,0,2119,2015,Million Cubic Ft,,-2119,0,240,21000,0,0,,2016,Barrels,0,-20760
Congo,95621923000,0.0001642,18710,0.88,0.34,0.54,0,0.12,5212302,0.0163,4980996,1.05,0.01%,0,0,0,0,0,,2016,Tons ,,0,3200000,324898,52973,0,0,,2015,Million Cubic Ft,0,271926,1600000000,204735,17000,3,194693,,2016,Barrels,194690,187735
Nicaragua,98675888000,0.0001694,15455,0.75,0.75,0,0,0.25,5325447,0.0186,6303974,0.84,0.01%,0,0,0,0,0,,2016,Tons ,,0,0,0,0,0,0,,2015,Million Cubic Ft,,0,0,-81,37000,12410,0,12410,2016,Barrels,,-37081
Botswana,96035971000,0.0001649,43552,0.97,0.47,0,0.5,0.03,6438429,-0.0374,2159927,2.98,0.02%,106434000,2065729,1356944,5637,13288,,2016,Tons ,7650,708785,0,0,0,0,0,,2015,Million Cubic Ft,,0,0,0,21000,1,1,,2016,Barrels,0,-21000
Papua New Guinea,93500964000,0.0001606,11081,0.92,0.88,0.04,0,0.08,9086988,0.0709,8271762,1.1,0.03%,0,0,0,0,0,,2016,Tons ,,0,5467000,346087,3532,0,342556,,2015,Million Cubic Ft,342556,342556,180249000,56075,37001,0,0,,2016,Barrels,0,19074
Cyprus,1.17E+11,0.000201,99346,0.97,0.96,0,0,0.03,6872427,0.0373,1170187,5.87,0.02%,0,0,224,224,0,224,2016,Tons ,,-224,0,0,0,0,0,,2015,Million Cubic Ft,,0,0,10,52000,4,0,4,2016,Barrels,,-51990
Moldova,1.28E+11,0.00022,31534,0.95,0.29,0.63,0.04,0.05,8258774,0.0299,4066009,2.03,0.02%,0,0,137789,130711,0,130711,2016,Tons ,,-137789,0,353,96410,96057,0,96057,2015,Million Cubic Ft,,-96057,0,-18,18001,1,0,1,2016,Barrels,,-18019
Albania,1.12E+11,0.000192,38778,0.56,0.52,0.02,0.02,0.44,5208319,0.0445,2886438,1.8,0.01%,575405820,0,95901,89287,0,89287,2016,Tons ,,-95901,29000,1236,1236,0,0,,2015,Million Cubic Ft,0,0,168332000,22818,27000,0,18200,,2016,Barrels,18200,-4182
Jamaica,1.28E+11,0.00022,43868,0.95,0.87,0.06,0.02,0.05,8946575,0.0182,2906236,3.08,0.03%,0,0,80469,103617,0,103617,2016,Tons ,,-80469,0,0,0,0,0,,2015,Million Cubic Ft,,0,0,707,54000,21579,0,21579,2016,Barrels,,-53293
Malta,1.29E+11,0.000221,293498,0.97,0.88,0.08,0,0.03,2257870,0.0348,436097,5.18,0.01%,0,0,56,56,0,56,2016,Tons ,,-56,0,0,0,0,0,,2015,Million Cubic Ft,,0,0,0,47000,0,0,,2016,Barrels,0,-47000
El Salvador,1.32E+11,0.000227,20707,0.69,0.69,0,0,0.31,6853766,0.0045,6356143,1.08,0.02%,0,0,0,0,0,,2016,Tons ,,0,0,0,0,0,0,,2015,Million Cubic Ft,,0,0,0,52000,1,0,1,2016,Barrels,,-52000
Dem. Rep. Congo,1.32E+11,0.000227,1622,0.33,0.32,0,0,0.67,6564773,0.0377,78789127,0.08,0.02%,97003280,9011,12538,17882,0,17882,2016,Tons ,,-3527,35000,9182,353,0,0,,2015,Million Cubic Ft,0,8829,180000000,20000,21000,0,16263,,2016,Barrels,16263,-1000
Senegal,1.31E+11,0.000224,8477,0.96,0.83,0.01,0.11,0.04,8247295,0.0369,14993519,0.55,0.02%,0,0,448640,660467,0,660467,2016,Tons ,,-448640,0,2190,2190,0,0,,2015,Million Cubic Ft,0,0,0,-32,49000,19390,911,18479,2016,Barrels,,-49032
Yemen,1.38E+11,0.000238,4976,0.99,0.79,0.14,0.06,0.01,25647990,0.0162,27168208,0.94,0.07%,0,0,133380,153994,0,153994,2016,Tons ,,-133380,16900000,444969,28605,0,66745,,2015,Million Cubic Ft,66745,416364,3000000000,21960,60000,0,8875,,2016,Barrels,8875,-38040
Zimbabwe,1.58E+11,0.000272,11130,0.73,0.32,0,0.41,0.27,10062628,-0.0417,14030331,0.72,0.03%,553359620,2976237,3388555,173,47903,,2016,Tons ,47729,-412318,0,0,0,0,0,,2015,Million Cubic Ft,,0,0,819,24000,0,0,,2016,Barrels,0,-23181
Nepal,1.61E+11,0.000277,5834,0.68,0.64,0,0.04,0.32,7833787,0.101,27263433,0.29,0.02%,1102310,23149,283303,207403,0,207403,2016,Tons ,,-260154,0,0,0,0,0,,2015,Million Cubic Ft,,0,0,0,43000,0,0,,2016,Barrels,0,-43000
Lithuania,1.51E+11,0.000259,53011,0.65,0,0.6,0.04,0.35,13685264,0.0266,2889557,4.74,0.04%,0,0,272313,287844,41643,246201,2016,Tons ,,-272313,0,0,88251,88251,0,88251,2015,Million Cubic Ft,,-88251,12000000,10336,61612,182514,1012,181502,2016,Barrels,,-51276
Cambodia,1.69E+11,0.00029,10537,0.82,0.59,0,0.23,0.18,6496958,0.0768,15766292,0.41,0.02%,0,0,1625907,1665854,0,1665854,2016,Tons ,,-1625907,0,0,0,0,0,,2015,Million Cubic Ft,,0,0,0,48000,0,0,,2016,Barrels,0,-48000
Cameroon,1.48E+11,0.000254,6016,0.72,0.49,0.23,0,0.28,9454331,0.0221,23926551,0.4,0.03%,0,0,0,0,0,,2016,Tons ,,0,4770000,90406,24014,0,0,,2015,Million Cubic Ft,0,66392,200000000,92469,40000,40950,81166,,2016,Barrels,40216,52469
Armenia,1.49E+11,0.000255,50441,0.7,0.11,0.59,0,0.3,4597845,0.0306,2936143,1.57,0.01%,179676530,0,1323,1323,0,1323,2016,Tons ,,-1323,0,0,72396,72396,0,72396,2015,Million Cubic Ft,,-72396,0,0,6000,0,0,,2016,Barrels,0,-6000
Zambia,1.78E+11,0.000306,10560,0.38,0.35,0,0.03,0.62,4230584,0.0367,16363458,0.26,0.01%,49603950,138946,183693,46205,1821,44384,2016,Tons ,,-44747,0,0,0,0,0,,2015,Million Cubic Ft,,0,0,170,22000,10250,0,10250,2016,Barrels,,-21830
Brunei ,1.77E+11,0.000304,416670,1,0.18,0.82,0,0,7672127,0.0354,419800,18.28,0.02%,0,0,0,0,0,,2016,Tons ,,0,13800000,439672,122896,0,300884,,2015,Million Cubic Ft,300884,316776,1100000000,121034,16000,498,110245,,2016,Barrels,109747,105034
Honduras,1.71E+11,0.000294,18178,0.71,0.7,0,0,0.29,9320279,0.0225,9270795,1.01,0.03%,0,0,180779,178535,0,178535,2016,Tons ,,-180779,0,0,0,0,0,,2015,Million Cubic Ft,,0,0,0,58000,0,0,,2016,Barrels,0,-58000
Afghanistan,1.45E+11,0.000248,3986,0.83,0.47,0.04,0.32,0.17,9900004,0.0713,35383032,0.28,0.03%,72752460,1871722,1871722,0,0,,2016,Tons ,0,0,1750000,6675,5163,0,0,,2015,Million Cubic Ft,0,1512,0,0,35000,0,0,,2016,Barrels,0,-35000
Côte d'Ivoire,1.79E+11,0.000307,7316,0.95,0.5,0.46,0,0.05,10056492,0.0116,23822714,0.42,0.03%,0,0,0,0,0,,2016,Tons ,,0,1000000,75645,72855,0,0,,2015,Million Cubic Ft,0,2790,100000000,50357,51000,50024,35965,14059,2016,Barrels,,-643
Luxembourg,1.83E+11,0.000315,309921,0.86,0.68,0.17,0.01,0.14,10144632,0.0345,579264,17.51,0.03%,0,0,89198,89198,0,89198,2016,Tons ,,-89198,0,0,31113,30901,0,30901,2015,Million Cubic Ft,,-31113,0,0,56194,0,0,,2016,Barrels,0,-56194
Iceland,2.21E+11,0.00038,662243,0.21,0.2,0,0.02,0.79,3923884,0.0162,332206,11.81,0.01%,0,0,136686,136686,0,136686,2016,Tons ,,-136686,0,0,0,0,0,,2015,Million Cubic Ft,,0,0,0,19090,0,0,,2016,Barrels,0,-19090
Mongolia,2.15E+11,0.00037,69206,0.96,0.26,0,0.7,0.04,18574260,0.1809,3056364,6.08,0.05%,2777821200,39157027,8823724,875,28439598,,2016,Tons ,28438723,30333304,0,0,0,0,0,,2015,Million Cubic Ft,,0,0,23426,21000,71,21740,,2016,Barrels,21669,2426
Tajikistan,2.25E+11,0.000387,25367,0.32,0.16,0,0.16,0.68,6049757,0.0337,8663579,0.7,0.02%,413366250,1500244,1511267,590,0,590,2016,Tons ,,-11023,200000,706,706,0,0,,2015,Million Cubic Ft,0,0,12000000,173,21000,6,69,,2016,Barrels,63,-20827
Gibraltar,1.93E+11,0.000331,5717297,1,1,0,0,0,572708,0.0353,33737,16.98,0.00%,0,0,0,0,0,,2016,Tons ,,0,0,0,0,0,0,,2015,Million Cubic Ft,,0,0,0,75000,0,0,,2016,Barrels,0,-75000
Costa Rica,2.14E+11,0.000368,43245,0.52,0.52,0,0,0.48,8328890,0.0216,4899345,1.7,0.02%,0,0,110,110,0,110,2016,Tons ,,-110,0,0,0,0,0,,2015,Million Cubic Ft,,0,0,1571,55000,0,0,,2016,Barrels,0,-53429
Latvia,1.88E+11,0.000322,96108,0.74,0.49,0.24,0.01,0.26,8157157,0.0341,1974266,4.13,0.02%,0,0,67861,77853,9991,67861,2016,Tons ,,-67861,0,0,46792,46121,0,46121,2015,Million Cubic Ft,,-46792,0,1059,37694,0,0,,2016,Barrels,0,-36635
Uruguay,2.19E+11,0.000377,63843,0.46,0.45,0.01,0,0.54,6508013,0.0191,3424129,1.9,0.02%,0,0,437,437,0,437,2016,Tons ,,-437,0,0,1989,1989,0,1989,2015,Million Cubic Ft,,-1989,0,2217,53000,35198,0,35198,2016,Barrels,,-50783
Kyrgyzstan,2.42E+11,0.000416,39096,0.48,0.29,0.03,0.16,0.52,6941784,0.0253,6074330,1.14,0.02%,1070343010,2040376,2447128,853433,18049,835384,2016,Tons ,,-406752,200000,1059,6357,5650,0,5650,2015,Million Cubic Ft,,-5297,40000000,972,40000,227,145,82,2016,Barrels,,-39028
Georgia,2.46E+11,0.000423,61434,0.63,0.25,0.34,0.03,0.37,8610414,0.0294,4015450,2.14,0.02%,221564310,326835,419462,114100,0,114100,2016,Tons ,,-92627,300000,353,84756,84403,0,84403,2015,Million Cubic Ft,,-84403,35000000,394,33000,853,2301,,2016,Barrels,1448,-32606
Puerto Rico,2.64E+11,0.000454,83605,0.99,0.74,0.18,0.07,0.01,712758,0.0171,3283125,0.22,0.00%,0,0,1565871,1762572,0,1762572,2016,Tons ,,-1565871,0,0,55373,55373,0,55373,2015,Million Cubic Ft,,-55373,0,0,96746,0,0,,2016,Barrels,0,-96746
Bosnia and Herzegovina,2.52E+11,0.000432,75116,0.92,0.28,0.03,0.61,0.08,25674120,0.0086,3386266,7.58,0.07%,2495629840,7167188,9466163,1505973,203927,1302045,2016,Tons ,,-2298976,0,0,7063,7063,0,7063,2015,Million Cubic Ft,,-7063,0,248,35000,18234,0,18234,2016,Barrels,,-34752
Ghana,2.74E+11,0.00047,9399,0.81,0.64,0.17,0,0.19,14469986,0.0354,28481945,0.51,0.04%,0,0,17,17,0,17,2016,Tons ,,-17,800000,45203,44990,19736,0,19736,2015,Million Cubic Ft,,214,660000000,99114,88000,18636,73654,,2016,Barrels,55018,11114
Tanzania,2.87E+11,0.000493,5258,0.92,0.49,0.4,0.03,0.08,9731560,0.025,53049230,0.18,0.03%,296521390,304238,327861,84992,53522,31470,2016,Tons ,,-23623,230000,39200,38847,0,0,,2015,Million Cubic Ft,0,353,0,0,71999,0,0,,2016,Barrels,0,-71999
Kenya,3.22E+11,0.000553,6417,0.77,0.73,0,0.03,0.23,16334919,0.036,49051534,0.33,0.05%,0,0,537359,537359,0,537359,2016,Tons ,,-537359,0,0,0,0,0,,2015,Million Cubic Ft,,0,0,824,114000,2164,0,2164,2016,Barrels,,-113176
Guatemala,3.16E+11,0.000543,18709,0.75,0.59,0,0.16,0.25,18539316,0.0242,16583076,1.12,0.05%,0,0,1751571,2416836,0,2416836,2016,Tons ,,-1751571,0,0,0,0,0,,2015,Million Cubic Ft,,0,83070000,12033,93000,2,9096,,2016,Barrels,9094,-80967
Slovenia,2.84E+11,0.000488,136734,0.65,0.38,0.11,0.16,0.35,14722601,0.0235,2074210,7.1,0.04%,408957010,3691636,4143583,427692,2182,425510,2016,Tons ,,-451947,0,106,28817,28711,0,28711,2015,Million Cubic Ft,,-28711,0,5,52298,0,0,,2016,Barrels,0,-52293
Mozambique,2.88E+11,0.000494,10051,0.55,0.3,0.25,0,0.45,5859171,0.0222,27829938,0.21,0.02%,1975339520,6818890,12125,4057,8325796,,2016,Tons ,8321738,6806764,100000000,201296,66922,0,134197,,2015,Million Cubic Ft,134197,134374,0,281,40000,0,461,,2016,Barrels,461,-39719
Croatia,3.51E+11,0.000602,83839,0.74,0.43,0.27,0.04,0.26,19408194,0.0302,4208602,4.61,0.05%,0,0,1179627,1200571,0,1200571,2016,Tons ,,-1179627,880000,64591,72537,37858,12961,24897,2015,Million Cubic Ft,,-7946,71000000,18528,69000,50268,0,50268,2016,Barrels,,-50472
Dominican Republic,3.40E+11,0.000585,32385,0.92,0.72,0.13,0.08,0.08,23466740,0.0288,10397741,2.26,0.07%,0,0,1215242,1237894,0,1237894,2016,Tons ,,-1215242,0,0,39129,39129,0,39129,2015,Million Cubic Ft,,-39129,0,-116,133000,18204,0,18204,2016,Barrels,,-133116
Ethiopia,3.24E+11,0.000556,3041,0.61,0.57,0,0.04,0.39,10438855,0.0403,103603462,0.1,0.03%,0,31416,539255,629357,0,629357,2016,Tons ,,-507839,880000,0,0,0,0,,2015,Million Cubic Ft,,0,428000,354,74000,0,0,,2016,Barrels,0,-73646
Bolivia,3.43E+11,0.00059,30676,0.93,0.59,0.34,0,0.07,19463728,0.0203,11031814,1.76,0.05%,1102310,0,0,0,0,,2016,Tons ,,0,10450000,741615,95351,0,621544,,2015,Million Cubic Ft,621544,646265,211450000,77635,90000,0,4260,,2016,Barrels,4260,-12365
Lebanon,3.76E+11,0.000645,55106,0.99,0.98,0,0.01,0.01,21863288,0.0195,6714281,3.26,0.06%,0,0,135976,135976,0,135976,2016,Tons ,,-135976,0,0,0,0,0,,2015,Million Cubic Ft,,0,0,0,153000,2,0,2,2016,Barrels,,-153000
North Korea,3.30E+11,0.000567,12990,0.67,0.12,0,0.55,0.33,58708734,0.1949,25307665,2.32,0.16%,661386000,34237749,10707839,1731596,24825709,,2016,Tons ,23094114,23529909,0,0,0,0,0,,2015,Million Cubic Ft,,0,0,137,18000,10684,0,10684,2016,Barrels,,-17863
Sudan,3.68E+11,0.000632,9024,0.77,0.77,0,0,0.23,13294106,0.0418,39847439,0.33,0.04%,0,0,0,0,0,,2016,Tons ,,0,3000000,0,0,0,0,,2015,Million Cubic Ft,,0,5000000000,107853,140000,0,22315,,2016,Barrels,22315,-32147
Angola,3.63E+11,0.000623,12168,0.8,0.72,0.08,0,0.2,30566933,0.0313,28842489,1.06,0.09%,0,0,0,0,0,,2016,Tons ,,0,9711000,372255,27298,0,0,,2015,Million Cubic Ft,0,344957,8423000000,1796743,133000,0,1681354,,2016,Barrels,1681354,1663743
Syria,3.95E+11,0.000678,23082,0.99,0.63,0.35,0,0.01,38054696,0.0178,17465575,2.18,0.11%,0,0,5526,5526,0,5526,2016,Tons ,,-5526,8500000,218953,151855,0,0,,2015,Million Cubic Ft,0,67099,2500000000,34602,140000,0,0,,2016,Barrels,0,-105398
Sri Lanka,3.83E+11,0.000658,18147,0.89,0.73,0,0.16,0.11,18454691,0.0855,21021171,0.88,0.05%,0,0,2295009,2580799,0,2580799,2016,Tons ,,-2295009,0,0,0,0,0,,2015,Million Cubic Ft,,0,0,-320,127000,31960,0,31960,2016,Barrels,,-127320
Panama,4.39E+11,0.000754,106972,0.84,0.82,0,0.02,0.16,11599764,0.0237,4037078,2.87,0.03%,0,0,330693,336706,0,336706,2016,Tons ,,-330693,0,0,0,0,0,,2015,Million Cubic Ft,,0,0,446,155000,0,0,,2016,Barrels,0,-154554
Paraguay,5.19E+11,0.000891,75533,0.23,0.23,0,0,0.77,5998469,0.0197,6777872,0.89,0.02%,0,0,1680,1680,0,1680,2016,Tons ,,-1680,0,0,0,0,0,,2015,Million Cubic Ft,,0,0,4174,51000,0,0,,2016,Barrels,0,-46826
Jordan,4.31E+11,0.00074,44050,0.97,0.6,0.36,0.01,0.03,22772370,0.0183,9554286,2.38,0.06%,0,0,242508,224734,0,224734,2016,Tons ,,-242508,213000,5333,102308,96975,0,96975,2015,Million Cubic Ft,,-96975,1000000,403,114000,59567,0,59567,2016,Barrels,,-113597
Tunisia,4.08E+11,0.000701,35726,0.99,0.51,0.48,0,0.01,29395965,0.0082,11303945,2.6,0.08%,0,0,2259,2259,0,2259,2016,Tons ,,-2259,2300000,87405,160507,104886,0,104886,2015,Million Cubic Ft,,-73102,425000000,41634,97000,17769,34478,,2016,Barrels,16709,-55366
Myanmar,5.19E+11,0.000891,9718,0.79,0.45,0.32,0.01,0.21,16701776,0.0561,53045201,0.31,0.05%,6613860,606271,536770,381094,40015,341079,2016,Tons ,,69501,10000000,648030,126781,0,491232,,2015,Million Cubic Ft,491232,521249,50000000,15634,123000,0,2702,,2016,Barrels,2702,-107366
Cuba,4.01E+11,0.000689,35407,0.98,0.88,0.1,0,0.02,30389116,0.0165,11335104,2.68,0.08%,0,0,2066,2066,0,2066,2016,Tons ,,-2066,2500000,48382,44144,0,0,,2015,Million Cubic Ft,0,4238,124000000,49737,153000,105396,0,105396,2016,Barrels,,-103263
Laos,4.05E+11,0.000696,58292,0.76,0.09,0,0.66,0.24,4531276,0.0792,6845846,0.66,0.01%,554461930,5330918,5247934,8732,24000,,2016,Tons ,15268,82984,0,0,0,0,0,,2015,Million Cubic Ft,,0,0,0,18000,0,0,,2016,Barrels,0,-18000
Ireland,6.39E+11,0.001097,134352,0.87,0.5,0.31,0.07,0.13,39086565,0.0509,4695779,8.32,0.11%,15432340,0,2474686,2107617,11326,2096291,2016,Tons ,,-2474686,350000,4662,153762,149524,0,149524,2015,Million Cubic Ft,,-149100,0,283,152404,64377,0,64377,2016,Barrels,,-152121
Libya,5.72E+11,0.000982,86906,1,0.71,0.29,0,0,52696075,0.0152,6492162,8.12,0.15%,0,0,0,0,0,,2016,Tons ,,0,53183000,591526,158564,0,251090,,2015,Million Cubic Ft,251090,432962,48363000000,499397,223000,0,238501,,2016,Barrels,238501,276397
Azerbaijan,5.94E+11,0.00102,60342,0.98,0.33,0.64,0,0.02,33614235,-0.0041,9736043,3.45,0.09%,0,0,178,178,0,178,2016,Tons ,,-178,35000000,963746,384227,7063,258506,,2015,Million Cubic Ft,251443,579519,7000000000,843546,96000,3948,658577,,2016,Barrels,654629,747546
Ecuador,7.15E+11,0.001227,42578,0.74,0.71,0.02,0,0.26,40065690,-0.0485,16491116,2.43,0.11%,26455440,0,13555,14113,0,14113,2016,Tons ,,-13555,212000,59223,17552,0,0,,2015,Million Cubic Ft,0,41672,8273000000,548379,259000,0,414675,,2016,Barrels,414675,289379
Morocco,8.19E+11,0.001407,23030,0.92,0.7,0.06,0.17,0.08,57694464,0.0054,35126283,1.64,0.16%,15432340,0,7153992,7410681,0,7410681,2016,Tons ,,-7153992,51000,4026,42978,39800,0,39800,2015,Million Cubic Ft,,-38952,684000,160,275000,67713,0,67713,2016,Barrels,,-274840
Bulgaria,7.74E+11,0.00133,109037,0.74,0.25,0.16,0.33,0.26,50872910,-0.06,7151953,7.11,0.14%,2608065460,34426244,35234237,867423,46411,821012,2016,Tons ,,-807993,200000,3685,111291,108044,0,108044,2015,Million Cubic Ft,,-107606,15000000,5339,97000,125642,0,125642,2016,Barrels,,-91661
Slovakia,7.26E+11,0.001247,133341,0.66,0.24,0.24,0.18,0.34,36817242,0.0174,5442003,6.77,0.10%,148811850,2035967,6708667,4526820,0,4526820,2016,Tons ,,-4672700,500000,3496,163826,155633,0,155633,2015,Million Cubic Ft,,-160330,9000000,12541,81587,117296,141,117155,2016,Barrels,,-69046
Denmark,7.37E+11,0.001266,128627,0.7,0.44,0.17,0.08,0.3,38007645,0.0523,5711349,6.65,0.11%,0,0,3985953,3181267,23149,3158118,2016,Tons ,,-3985953,1210000,166440,112867,23237,77410,,2015,Million Cubic Ft,54173,53573,551000000,145674,158194,77224,78070,,2016,Barrels,846,-12520
New Zealand,9.02E+11,0.00155,191938,0.64,0.38,0.21,0.05,0.36,33276202,-0.0014,4659265,7.14,0.09%,8349998250,3159906,2765590,499657,1308589,,2016,Tons ,808931,394316,1361000,181448,178694,0,0,,2015,Million Cubic Ft,0,2755,64100000,43907,166913,108214,31474,76740,2016,Barrels,,-123006
Trinidad and Tobago,9.04E+11,0.001552,653028,1,0.13,0.87,0,0,34974263,-0.0592,1377560,25.39,0.10%,0,0,198,198,0,198,2016,Tons ,,-198,12240000,1481288,841804,0,546818,,2015,Million Cubic Ft,546818,639484,728300000,97726,57000,54579,23196,31383,2016,Barrels,,40726
Serbia,6.42E+11,0.001103,72730,0.83,0.19,0.15,0.5,0.17,41168059,0.0227,8853963,4.65,0.12%,8282757340,42372796,43189608,567654,72752,494901,2016,Tons ,,-816812,1700000,22248,76987,55798,0,55798,2015,Million Cubic Ft,,-54738,77500000,23150,74000,44283,0,44283,2016,Barrels,,-50850
Bahrain,7.20E+11,0.001236,481813,1,0.18,0.82,0,0,24458384,0.025,1425792,17.15,0.07%,0,0,0,0,0,,2016,Tons ,,0,3250000,727489,547383,0,0,,2015,Million Cubic Ft,0,180107,124560000,63886,62000,212417,154691,57726,2016,Barrels,,1886
Israel,1.05E+12,0.0018112,127951,1,0.46,0.34,0.19,0,65201588,-0.0038,8108985,8.04,0.18%,0,0,10167720,9694828,0,9694828,2016,Tons ,,-10167720,7027000,333020,305828,5650,0,5650,2015,Million Cubic Ft,,27193,13953000,5977,236249,217657,0,217657,2016,Barrels,,-230272
Hungary,1.04E+12,0.0017897,107119,0.78,0.33,0.36,0.1,0.22,51018899,0.0216,9752975,5.23,0.14%,3206619790,10158889,11663542,1721808,232587,1489221,2016,Tons ,,-1504653,304000,62578,332950,239789,19247,220542,2015,Million Cubic Ft,,-270372,28600000,36018,155544,121061,1148,119913,2016,Barrels,,-119525
Belarus,9.61E+11,0.001651,101724,0.98,0.29,0.67,0.01,0.02,62655669,0.049,9445643,6.63,0.18%,0,0,681228,781246,40317,740928,2016,Tons ,,-681228,100000,8440,612009,610950,0,610950,2015,Million Cubic Ft,,-603569,198000000,32584,137000,370157,32332,337825,2016,Barrels,,-104416
Hong Kong,1.32E+12,0.0022702,180951,0.97,0.67,0.09,0.2,0.03,47066386,0.0123,7243542,6.5,0.13%,0,0,12303073,12303073,0,12303073,2016,Tons ,,-12303073,0,0,114527,114527,0,114527,2015,Million Cubic Ft,,-114527,0,100,408491,0,0,,2016,Barrels,0,-408391
Greece,1.16E+12,0.0019948,109913,0.87,0.54,0.16,0.17,0.13,67840662,-0.0347,10615185,6.39,0.19%,3170243560,35977194,38077094,343921,0,343921,2016,Tons ,,-2099901,35000,141,110818,111666,0,111666,2015,Million Cubic Ft,,-110677,10000000,15748,296101,472485,3141,469344,2016,Barrels,,-280353
Oman,1.14E+12,0.0019588,244485,1,0.3,0.69,0,0,87835773,0.0209,4479219,19.61,0.25%,0,0,94990,94990,0,94990,2016,Tons ,,-94990,24910000,1335613,774105,70277,353150,,2015,Million Cubic Ft,282873,561509,5306000000,1015512,183000,0,887500,,2016,Barrels,887500,832512
Portugal,1.08E+12,0.0018496,104691,0.82,0.47,0.22,0.12,0.18,50142844,-0.0236,10325538,4.86,0.14%,39683160,0,5290177,5423748,0,5423748,2016,Tons ,,-5290177,0,0,168311,166440,0,166440,2015,Million Cubic Ft,,-168311,0,12932,236866,274442,0,274442,2016,Barrels,,-223934
Finland,1.23E+12,0.0021084,222785,0.52,0.36,0.07,0.09,0.48,51183960,0.0362,5497713,9.31,0.14%,0,0,5310769,4305091,0,4305091,2016,Tons ,,-5310769,0,0,96269,95810,0,95810,2015,Million Cubic Ft,,-96269,0,12582,210030,226517,0,226517,2016,Barrels,,-197448
Peru,1.12E+12,0.0019206,35572,0.74,0.45,0.28,0.01,0.26,57692879,0.0816,30926032,1.87,0.16%,112435620,493173,1267657,645315,148047,497268,2016,Tons ,,-774483,15047000,611656,275104,0,170571,,2015,Million Cubic Ft,170571,336552,682681000,141448,246000,107686,3471,104215,2016,Barrels,,-104552
Switzerland,1.17E+12,0.002012,138573,0.51,0.39,0.11,0,0.49,39666930,-0.023,8379917,4.73,0.11%,0,0,199518,199394,0,199394,2016,Tons ,,-199518,0,0,123920,123037,0,123037,2015,Million Cubic Ft,,-123920,0,1496,228194,59041,322,58719,2016,Barrels,,-226698
Nigeria,1.54E+12,0.0026448,8070,0.97,0.55,0.41,0,0.03,82634214,0.007,185960241,0.44,0.23%,379194640,50706,193330,469315,0,469315,2016,Tons ,,-142623,180490000,3009650,664628,0,929844,,2015,Million Cubic Ft,929844,2345022,37070000000,1938543,428000,0,1654739,,2016,Barrels,1654739,1510543
Austria,1.50E+12,0.0025785,170255,0.66,0.37,0.23,0.06,0.34,73764112,0.0154,8747301,8.43,0.21%,0,0,3886745,3775836,0,3775836,2016,Tons ,,-3886745,301000,44603,295622,405381,190948,214433,2015,Million Cubic Ft,,-251019,45400000,29415,262352,147702,0,147702,2016,Barrels,,-232937
Chile,1.50E+12,0.0025691,81002,0.79,0.48,0.13,0.19,0.21,81258525,0.0533,18209068,4.46,0.23%,1301828110,2783333,14077601,12925238,959500,11965738,2016,Tons ,,-11294268,3460000,38564,155103,131619,0,131619,2015,Million Cubic Ft,,-116540,150000000,12858,351989,157867,0,157867,2016,Barrels,,-339131
Romania,1.41E+12,0.0024236,71812,0.75,0.3,0.29,0.15,0.25,78770824,0.0169,19796285,3.98,0.22%,320772210,25344312,26886239,1115001,14598,1100403,2016,Tons ,,-1541927,3725000,402591,387406,6004,0,6004,2015,Million Cubic Ft,,15185,600000000,96470,200000,149365,937,148428,2016,Barrels,,-103530
Bangladesh,1.42E+12,0.0024338,8876,0.99,0.19,0.77,0.04,0.01,74476230,0.045,157977153,0.47,0.21%,322976830,995386,2099900,3128923,0,3128923,2016,Tons ,,-1104514,8500000,948609,948609,0,0,,2015,Million Cubic Ft,0,0,28000000,4105,113000,23554,0,23554,2016,Barrels,,-108895
Uzbekistan,1.80E+12,0.0030878,56266,0.96,0.06,0.86,0.04,0.04,109347340,0.016,31441751,3.48,0.31%,1515676250,4793946,4770798,49605,60,49545,2016,Tons ,,23149,65000000,2037676,1700417,0,266628,,2015,Million Cubic Ft,266628,337258,594000000,71471,49000,3678,0,3678,2016,Barrels,,22471
Colombia,1.66E+12,0.0028518,33956,0.72,0.41,0.2,0.11,0.28,77667594,-0.0084,48175052,1.61,0.22%,5380375110,99772271,11385457,454,91881474,,2016,Tons ,91881020,88386814,5508000,979285,406476,0,14126,,2015,Million Cubic Ft,14126,572809,2308000000,911892,357000,27118,744525,,2016,Barrels,717407,554892
Czech Republic,1.75E+12,0.0030072,164579,0.81,0.25,0.18,0.38,0.19,111825428,0.0139,10618857,10.53,0.31%,4012408400,49949032,49418772,4077420,4815997,,2016,Tons ,738577,530261,140000,8723,277858,263944,0,263944,2015,Million Cubic Ft,,-269136,15000000,15586,179956,107227,564,106663,2016,Barrels,,-164370
Kuwait,1.59E+12,0.002732,392251,1,0.49,0.5,0,0,101492225,0.0136,3956875,25.65,0.28%,0,0,387109,387109,0,387109,2016,Tons ,,-387109,63500000,604981,738401,141260,0,141260,2015,Million Cubic Ft,,-133420,1.02E+11,2990544,359000,0,2128190,,2016,Barrels,2128190,2631544
Turkmenistan,1.75E+12,0.0030007,303509,1,0.17,0.83,0,0,79279216,0.0063,5662368,14,0.22%,0,0,0,0,0,,2016,Tons ,,0,265000000,2910380,1407727,0,1423195,,2015,Million Cubic Ft,1423195,1502653,600000000,266427,149000,0,68857,,2016,Barrels,68857,117427
Venezuela,2.49E+12,0.0042801,84774,0.76,0.39,0.37,0,0.24,175884256,-0.019,29851255,5.89,0.49%,805788610,825630,180696,36935,639340,,2016,Tons ,602404,644934,197087000,2832122,935953,17658,0,17658,2015,Million Cubic Ft,,1896168,3.00E+11,2355424,598000,0,1725049,,2016,Barrels,1725049,1757424
Sweden,2.22E+12,0.0038098,224001,0.34,0.3,0.01,0.03,0.66,44694415,0.0433,9836007,4.54,0.13%,1102310,0,2857191,3349995,0,3349995,2016,Tons ,,-2857191,0,0,34044,28676,0,28676,2015,Million Cubic Ft,,-34044,0,12411,322109,396510,0,396510,2016,Barrels,,-309698
Qatar,2.16E+12,0.0037081,792557,1,0.27,0.72,0,0,98990085,0.0179,2654374,37.29,0.28%,0,0,0,0,0,,2016,Tons ,,0,871585000,6000937,1418356,0,4375175,,2015,Million Cubic Ft,4375175,4582580,25244000000,1987193,172000,0,503415,,2016,Barrels,503415,1815193
Iraq,1.87E+12,0.003204,49687,0.97,0.92,0.05,0,0.03,162646160,0.0122,36610632,4.44,0.45%,0,0,0,0,0,,2016,Tons ,,0,111522000,885029,35386,0,0,,2015,Million Cubic Ft,0,849644,1.43E+11,4443457,857000,1,3576637,,2016,Barrels,3576636,3586457
Philippines,1.83E+12,0.003146,17420,0.88,0.47,0.06,0.36,0.12,126922662,0.1237,103663816,1.22,0.35%,348329960,13323621,22372484,22079269,7533187,14546083,2016,Tons ,,-9048863,3480000,108770,91819,0,0,,2015,Million Cubic Ft,0,16951,138500000,33258,429000,236907,14774,222133,2016,Barrels,,-395742
Algeria,2.40E+12,0.0041184,57949,0.99,0.35,0.65,0,0.01,156220560,0.0017,40551392,3.85,0.44%,65036290,0,27321,27321,0,27321,2016,Tons ,,-27321,159054000,6491745,1399216,0,1533342,,2015,Million Cubic Ft,1533342,5092529,12200000000,1698786,429000,139,633800,,2016,Barrels,633661,1269786
Belgium,2.68E+12,0.00461,235091,0.78,0.51,0.23,0.04,0.22,94722813,0.0153,11354420,8.34,0.26%,0,0,4035557,3872415,72752,3799663,2016,Tons ,,-4035557,0,0,605158,664381,59824,604557,2015,Million Cubic Ft,,-605158,0,24423,631522,641794,0,641794,2016,Barrels,,-607099
Norway,1.90E+12,0.0032649,358999,0.32,0.23,0.08,0.01,0.68,43456012,0.0085,5250949,8.28,0.12%,1102310,901690,824528,727525,1005307,,2016,Tons ,277782,77162,72358000,5763408,184697,0,3954221,,2015,Million Cubic Ft,3954221,5578711,5138767000,2003748,204090,9927,1394501,,2016,Barrels,1384574,1799657
Pakistan,3.18E+12,0.0054664,15312,0.87,0.37,0.43,0.07,0.13,178013820,0.0913,203631353,0.87,0.50%,3377477840,4506243,10199674,7107758,120,7107638,2016,Tons ,,-5693431,24700000,1454978,1436261,48382,0,48382,2015,Million Cubic Ft,,18717,353500000,88262,556000,140097,4896,135201,2016,Barrels,,-467738
Vietnam,3.24E+12,0.0055678,34276,0.8,0.28,0.09,0.43,0.2,206042140,0.0009,93640422,2.2,0.58%,3703761600,42468697,56641097,14693792,1546342,13147450,2016,Tons ,,-14172400,24700000,365157,320660,0,0,,2015,Million Cubic Ft,0,44497,4400000000,313633,478000,8712,157615,,2016,Barrels,148903,-164367
Italy,6.77E+12,0.0116277,111607,0.84,0.37,0.4,0.06,0.16,358139550,0.0084,60663060,5.9,1.00%,18739270,0,18787634,18418223,81080,18337143,2016,Tons ,,-18787634,1985000,239118,2384575,2163609,7805,2155804,2015,Million Cubic Ft,,-2145457,579232000,150147,1236628,1217209,16717,1200492,2016,Barrels,,-1086482
Indonesia,7.16E+12,0.0122924,27050,0.96,0.45,0.23,0.28,0.04,530035650,0.0641,261556381,2.03,1.48%,24910001380,502653360,102623737,3929046,406630277,,2016,Tons ,402701230,400029623,103350000,3143035,1501241,0,1069691,,2015,Million Cubic Ft,1069691,1641794,3692500000,945637,1623000,398645,336816,61829,2016,Barrels,,-677363
United Kingdom,8.19E+12,0.0140647,122751,0.8,0.39,0.36,0.05,0.2,367860350,-0.0638,66297944,5.55,1.03%,77000000,4605231,41459830,9362712,489094,8873619,2016,Tons ,,-36854599,8502000,1675238,2543775,1571623,502285,1069338,2015,Million Cubic Ft,,-868537,2754685000,1083928,1583896,797631,620188,177443,2016,Barrels,,-499968
Mexico,7.87E+12,0.0135118,63063,0.92,0.5,0.36,0.06,0.08,441412750,-0.0213,123333376,3.58,1.23%,1334897410,13852746,22478332,9127352,2864,9124488,2016,Tons ,,-8625586,16549000,2336370,2756000,1287973,1095,1286879,2015,Million Cubic Ft,,-419630,9711000000,2484355,2052607,0,1236469,,2016,Barrels,1236469,431748
Saudi Arabia,1.10E+13,0.019,332238,1,0.63,0.37,0,0,517079407,0.0092,32443447,15.94,1.45%,0,0,122987,123384,397,122987,2016,Tons ,,-122987,294205000,4231796,3614137,0,0,,2015,Million Cubic Ft,0,617659,2.67E+11,12402761,3302000,1,7333557,,2016,Barrels,7333556,9100761
Brazil,1.26E+13,0.022,60464,0.64,0.48,0.1,0.05,0.36,462994920,-0.0608,206163053,2.25,1.29%,7270836760,7721682,27275972,24291988,1706,24290282,2016,Tons ,,-19554290,16172000,1238144,1391058,670279,66,670213,2015,Million Cubic Ft,,-152914,16184100000,3242958,2984000,177352,832473,,2016,Barrels,655121,258958
France,1.02E+13,0.018,157947,0.54,0.34,0.16,0.04,0.46,331533320,0.0211,64667596,5.13,0.93%,0,0,12900349,14325675,0,14325675,2016,Tons ,,-12900349,314000,742,1342959,1567386,191372,1376014,2015,Million Cubic Ft,,-1342217,78431000,133014,1705568,1092170,805,1091365,2016,Barrels,,-1572554
South Korea,1.27E+13,0.022,247749,0.88,0.44,0.15,0.28,0.12,604043830,0.0045,50983457,11.85,1.69%,359353060,1902589,157124159,140976631,0,140976631,2016,Tons ,,-155221569,250000,6639,1565231,1533730,0,1533730,2015,Million Cubic Ft,,-1558592,0,108419,2605440,2946047,0,2946047,2016,Barrels,,-2497021
Iran,1.16E+13,0.02,143780,0.98,0.31,0.67,0,0.02,642560030,0.0222,79563989,8.08,1.80%,1326078930,1395157,1472686,297737,224537,73200,2016,Tons ,,-77529,1201382000,9097956,6567636,337258,295940,41319,2015,Million Cubic Ft,,2530320,1.58E+11,4376194,1803999,0,1896823,,2016,Barrels,1896823,2572195
Germany,1.41E+13,0.024,170128,0.81,0.36,0.24,0.21,0.19,775752190,0.0128,82193768,9.44,2.17%,39802209480,193593194,257488593,63694779,306442,63388337,2016,Tons ,,-63895399,2048000,337258,2872840,3620388,1147949,2472438,2015,Million Cubic Ft,,-2535582,132480000,211888,2383393,1837305,2034,1835271,2016,Barrels,,-2171505
Canada,1.51E+13,0.026,410054,0.68,0.33,0.31,0.04,0.32,675918610,-0.01,36382944,18.58,1.89%,7255404420,67605855,42907417,6962137,33434695,,2016,Tons ,26472558,24698438,71794000,6751698,4053420,693092,2763505,,2015,Million Cubic Ft,2070413,2698278,1.71E+11,4596725,2486301,891104,2749676,,2016,Barrels,1858572,2110424
Russia,3.28E+13,0.056,225608,0.89,0.22,0.52,0.15,0.11,1661899300,-0.0213,145275383,11.44,4.65%,1.77E+11,423095348,230392143,24331105,181506237,,2016,Tons ,157175131,192703205,1688228000,22728734,15538247,557977,6550933,,2015,Million Cubic Ft,5992956,7190487,80000000000,11262746,3631287,15047,5113524,,2016,Barrels,5098477,7631459
United States,9.77E+13,0.168,300418,0.81,0.38,0.29,0.14,0.19,5011686600,-0.0201,323015995,15.52,14.02%,2.54E+11,728364498,731071000,9849735,60271017,,2016,Tons ,50421282,-2706502,368704000,32914647,27243858,2718094,1783512,934582,2015,Million Cubic Ft,,5670789,35230000000,14837640,19687287,7850000,591000,7259000,2016,Barrels,,-4849647
Japan,1.94E+13,0.033,152177,0.9,0.4,0.25,0.24,0.1,1239592060,-0.0121,127763265,9.7,3.47%,385808500,1353637,210559949,209164774,2626,209162148,2016,Tons ,,-209206313,738000,99836,4364157,4160849,0,4160849,2015,Million Cubic Ft,,-4264322,44115000,123525,4012877,3146668,0,3146668,2016,Barrels,,-3889352
India,3.05E+13,0.052,22766,0.91,0.29,0.07,0.55,0.09,2533638100,0.0471,1324517249,1.91,7.09%,1.08E+11,761662038,966288693,215789801,1018312,214771489,2016,Tons ,,-204626654,50398000,1133364,1753143,659331,9535,649796,2015,Million Cubic Ft,,-619778,4728790000,1016371,4443000,4255300,5,4255295,2016,Barrels,,-3426629
Antigua and Barbuda,10605278000,0.0000182,111136,0.97,0.97,0,0,0.03,438763,0.0151,94527,4.64,0.00%,,,,,,,,,,,,,,,,,,,,,,,,,,,,,,
South Sudan,,,,,,,,,4038496,0.0418,10832518,0.37,0.01%,,,,,,,,,,,,,,,,,,,,,,,,,,,,,,
Palau,,,,,,,,,41732,0.0719,17725,2.35,0.00%,,,,,,,,,,,,,,,,,,,,,,,,,,,,,,
Anguilla,,,,,,,,,30262,0.0152,14429,2.1,0.00%,,,,,,,,,,,,,,,,,,,,,,,,,,,,,,
Saint Helena,,,,,,,,,13128,0.0262,5956,2.2,0.00%,,,,,,,,,,,,,,,,,,,,,,,,,,,,,,
